<!DOCTYPE parms SYSTEM "param.dtd">
<parms type="mysql" prefix="mysql.">
	<server>
		<query time="600" item="version">SHOW VARIABLES LIKE "version"</query>
				
		<discovery time="600" item="database.discovery" names="DATABASE">SELECT schema_name FROM information_schema.schemata WHERE schema_name NOT IN ('information_schema','performance_schema')</discovery>
		<query time="600" item="tables[%1]">SELECT table_schema, COUNT(*) AS tablecount  FROM information_schema.TABLES WHERE table_schema NOT IN ('information_schema','performance_schema') GROUP BY table_schema</query>
		<query time="600" item="data[%1]">SELECT table_schema "database", SUM(data_length) "size" FROM INFORMATION_SCHEMA.TABLES WHERE table_schema NOT IN ('information_schema','performance_schema') GROUP BY table_schema</query>
		<query time="600" item="index[%1]">SELECT table_schema "database", SUM(index_length) "size" FROM INFORMATION_SCHEMA.TABLES WHERE table_schema NOT IN ('information_schema','performance_schema') GROUP BY table_schema</query>
		<query time="600" item="free[%1]">SELECT table_schema "database", SUM(data_free) "free" FROM INFORMATION_SCHEMA.TABLES WHERE table_schema NOT IN ('information_schema','performance_schema') GROUP BY table_schema</query>
		
		<multiquery time="600" items="join_buffer_size|long_query_time|max_allowed_packet|max_binlog_cache_size|max_binlog_size|max_connect_errors|max_connections|max_delayed_threads|max_heap_table_size|max_join_size|max_length_for_sort_data|max_prepared_stmt_count|open_files_limit|query_alloc_block_size|query_cache_limit|query_cache_min_res_unit|query_cache_size|query_prealloc_size|read_buffer_size|sort_buffer_size|sql_max_join_size|sql_select_limit|table_lock_wait_timeout|thread_pool_max_threads|thread_cache_size|table_cache|tmp_table_size|wait_timeout" type="list">SHOW VARIABLES</multiquery>
		
		<multiquery time="120" items="innodb_additional_mem_pool_size|max_used_connections|innodb_buffer_pool_size|innodb_log_buffer_size|innodb_buffer_pool_pages_data|innodb_log_file_size|innodb_max_dirty_pages_pct|innodb_open_files|innodb_thread_concurrency|innodb_thread_sleep_delay|innodb_buffer_pool_pages_dirty|innodb_buffer_pool_pages_flushed|innodb_buffer_pool_pages_free|innodb_buffer_pool_pages_latched|innodb_buffer_pool_pages_misc|innodb_buffer_pool_pages_total|innodb_buffer_pool_read_ahead_rnd|innodb_buffer_pool_read_ahead_seq|innodb_buffer_pool_read_requests|innodb_buffer_pool_reads|innodb_buffer_pool_wait_free|innodb_buffer_pool_write_requests|innodb_data_fsyncs|innodb_data_pending_fsyncs|innodb_data_pending_reads|innodb_data_pending_writes|innodb_data_read|innodb_data_reads|innodb_data_writes|innodb_data_written|innodb_dblwr_pages_written|innodb_dblwr_writes|innodb_log_waits|innodb_log_write_requests|innodb_log_writes|innodb_os_log_fsyncs|innodb_os_log_pending_fsyncs|innodb_os_log_pending_writes|innodb_os_log_written|innodb_page_size|innodb_pages_created|innodb_pages_read|innodb_pages_written|innodb_row_lock_current_waits|innodb_row_lock_time|innodb_row_lock_time_avg|innodb_row_lock_time_max|innodb_row_lock_waits|innodb_rows_deleted|innodb_rows_inserted|innodb_rows_read|innodb_rows_updated" type="list">SHOW GLOBAL STATUS</multiquery>
		<multiquery time="600" items="key_blocks_not_flushed|key_blocks_unused|key_blocks_used|key_read_requests|key_reads|key_write_requests|key_writes" type="list">SHOW GLOBAL STATUS</multiquery>
		<multiquery time="300" items="qcache_free_blocks|qcache_free_memory|qcache_hits|qcache_inserts|qcache_lowmem_prunes|qcache_not_cached|qcache_queries_in_cache|qcache_total_blocks" type="list">SHOW GLOBAL STATUS</multiquery>
		<multiquery time="300" items="threads_cached|threads_connected|threads_created|threads_running|slow_launch_threads" type="list">SHOW GLOBAL STATUS</multiquery>
		<!-- <multiquery time="300" items="rpl_status|slave_open_temp_tables|slave_retried_transactions|slave_running" type="list">SHOW GLOBAL STATUS</multiquery> -->
		<multiquery time="120" items="sort_merge_passes|sort_range|sort_rows|sort_scan|table_locks_immediate|table_locks_waited|tc_log_max_pages_used|tc_log_page_size|tc_log_page_waits" type="list">SHOW GLOBAL STATUS</multiquery>
		<multiquery time="120" items="aborted_clients|aborted_connects|binlog_cache_disk_use|binlog_cache_use|created_tmp_disk_tables|created_tmp_files|created_tmp_tables|delayed_errors|delayed_insert_threads|delayed_writes|flush_commands|open_files|open_streams|open_tables|opened_tables|not_flushed_delayed_rows|prepared_stmt_count|select_full_join|select_full_range_join|select_range|select_range_check|select_scan|slow_queries|uptime|uptime_since_flush_status" type="list">SHOW GLOBAL STATUS</multiquery>
		<multiquery time="60" items="bytes_sent|bytes_received|connections|queries|questions|com_commit|com_delete|com_delete_multi|com_execute_sql|com_help|com_insert|com_insert_select|com_lock_tables|com_optimize|com_replace|com_replace_select|com_rollback|com_select|com_update|com_update_multi" type="list">SHOW GLOBAL STATUS</multiquery>
	</server>
</parms>
